{"cameraMode":{"drawMode":0,"name":"Shaded","section":"Shading Mode"},"sceneLighting":true,"audioPlay":false,"sceneViewState":{"m_AlwaysRefresh":false,"showFog":true,"showSkybox":true,"showFlares":true,"showImageEffects":true,"showParticleSystems":true,"showVisualEffectGraphs":true,"m_FxEnabled":true},"in2DMode":false,"pivot":{"x":764.0042724609375,"y":66.31598663330078,"z":25.287511825561525},"rotation":{"x":0.04377239570021629,"y":0.032958269119262698,"z":-0.0014376703184098006,"w":0.998505711555481},"size":258.556396484375,"orthographic":false}